<?xml version="1.0" encoding="UTF-8"?>
<pricebooks xmlns="http://www.demandware.com/xml/impex/pricebook/2006-10-31">
    <pricebook>
        <header pricebook-id="mcp-sale-price">
            <currency>KRW</currency>
            <display-name xml:lang="x-default">SalePrice</display-name>
            <online-flag>true</online-flag>
            <parent>mcp-list-price</parent>
        </header>

        <price-tables>
            <price-table product-id="product-master-001">
                <amount quantity="1">90000</amount>
            </price-table>

            <price-table product-id="product-master-002">
                <amount quantity="1">90000</amount>
            </price-table>

        </price-tables>
    </pricebook>
</pricebooks>
