<?xml version="1.0" encoding="UTF-8"?>
<catalog xmlns="http://www.demandware.com/xml/impex/catalog/2006-10-31" catalog-id="milvus-m-catalog">
    <header>
        <image-settings>
            <internal-location base-path="/"/>
            <view-types>
                <view-type>large</view-type>
                <view-type>medium</view-type>
                <view-type>small</view-type>
                <view-type>swatch</view-type>
            </view-types>
            <alt-pattern>${productname}</alt-pattern>
            <title-pattern>${productname}</title-pattern>
        </image-settings>
    </header>

    <category category-id="root">
        <display-name xml:lang="x-default">Milvus Master Catalog</display-name>
        <online-flag>true</online-flag>
        <template/>
        <page-attributes/>
    </category>

    <product product-id="product-master-001">
        <ean/>
        <upc/>
        <unit/>
        <min-order-quantity>1</min-order-quantity>
        <step-quantity>1</step-quantity>
        <display-name xml:lang="x-default">Product Master 001</display-name>
        <short-description xml:lang="x-default">Description</short-description>
        <long-description xml:lang="x-default">Product Details</long-description>
        <store-force-price-flag>false</store-force-price-flag>
        <store-non-inventory-flag>false</store-non-inventory-flag>
        <store-non-revenue-flag>false</store-non-revenue-flag>
        <store-non-discountable-flag>false</store-non-discountable-flag>
        <online-flag>true</online-flag>
        <available-flag>false</available-flag>
        <searchable-flag>true</searchable-flag>
        <tax-class-id>standard</tax-class-id>
        <page-attributes/>
        <classification-category catalog-id="mcp-storefront-catalog">mens</classification-category>
        <pinterest-enabled-flag>false</pinterest-enabled-flag>
        <facebook-enabled-flag>false</facebook-enabled-flag>
        <store-attributes>
            <force-price-flag>false</force-price-flag>
            <non-inventory-flag>false</non-inventory-flag>
            <non-revenue-flag>false</non-revenue-flag>
            <non-discountable-flag>false</non-discountable-flag>
        </store-attributes>
    </product>

    <product product-id="product-master-002">
        <ean/>
        <upc/>
        <unit/>
        <unit-quantity>0</unit-quantity>
        <min-order-quantity>1</min-order-quantity>
        <step-quantity>1</step-quantity>
        <display-name xml:lang="x-default">Product Master 002</display-name>
        <short-description xml:lang="x-default">Description</short-description>
        <long-description xml:lang="x-default">Product Details</long-description>
        <store-force-price-flag>false</store-force-price-flag>
        <store-non-inventory-flag>false</store-non-inventory-flag>
        <store-non-revenue-flag>false</store-non-revenue-flag>
        <store-non-discountable-flag>false</store-non-discountable-flag>
        <online-flag>true</online-flag>
        <available-flag>false</available-flag>
        <searchable-flag>true</searchable-flag>
        <tax-class-id>standard</tax-class-id>
        <page-attributes/>
        <classification-category catalog-id="mcp-storefront-catalog">mens</classification-category>
        <pinterest-enabled-flag>false</pinterest-enabled-flag>
        <facebook-enabled-flag>false</facebook-enabled-flag>
        <store-attributes>
            <force-price-flag>false</force-price-flag>
            <non-inventory-flag>false</non-inventory-flag>
            <non-revenue-flag>false</non-revenue-flag>
            <non-discountable-flag>false</non-discountable-flag>
        </store-attributes>
    </product>

</catalog>
