<?xml version="1.0" encoding="UTF-8"?>
<inventory xmlns="http://www.demandware.com/xml/impex/inventory/2007-05-31">
    <inventory-list>
        <header list-id="milvus_inventory_m">
            <default-instock>false</default-instock>
            <description>Milvus Product Sku inventory</description>
            <use-bundle-inventory-only>false</use-bundle-inventory-only>
            <on-order>false</on-order>
        </header>

        <records>
            <record product-id="product-master-001">
                <allocation>1000.0</allocation>
                <allocation-timestamp>2024-08-05T08:57:16.807Z</allocation-timestamp>
                <perpetual>false</perpetual>
                <preorder-backorder-handling>none</preorder-backorder-handling>
                <ats>1000.0</ats>
                <on-order>0</on-order>
                <turnover>0</turnover>
            </record>

            <record product-id="product-master-002">
                <allocation>1000.0</allocation>
                <allocation-timestamp>2024-08-05T09:24:42.435Z</allocation-timestamp>
                <perpetual>false</perpetual>
                <preorder-backorder-handling>none</preorder-backorder-handling>
                <ats>1000.0</ats>
                <on-order>0</on-order>
                <turnover>0</turnover>
            </record>

        </records>
    </inventory-list>
</inventory>
