<?xml version="1.0" encoding="UTF-8"?>
<search xmlns="http://www.demandware.com/xml/impex/search2/2010-02-19">
    <searchable-attributes>
        <searchable-attribute>
            <attribute-path>category.displayName</attribute-path>
            <boost>2.0</boost>
            <auto-correction>true</auto-correction>
        </searchable-attribute>
        <searchable-attribute>
            <attribute-path>product.ID</attribute-path>
            <boost>1.0</boost>
            <auto-correction>true</auto-correction>
        </searchable-attribute>
        <searchable-attribute>
            <attribute-path>product.brand</attribute-path>
            <boost>2.0</boost>
            <auto-correction>true</auto-correction>
        </searchable-attribute>
        <searchable-attribute>
            <attribute-path>product.name</attribute-path>
            <boost>2.0</boost>
            <auto-correction>true</auto-correction>
        </searchable-attribute>
    </searchable-attributes>

    <index-settings>
        <full-reindexing-schedule>
            <date-from>2024-08-05Z</date-from>
            <start-time>02:36:00.000Z</start-time>
            <factor>1</factor>
            <unit>days</unit>
        </full-reindexing-schedule>
        <indexed-locales>
            <locale>x-default</locale>
        </indexed-locales>
        <stemming xml:lang="x-default">English</stemming>
    </index-settings>

</search>
