<?xml version="1.0" encoding="UTF-8"?>
<shipping xmlns="http://www.demandware.com/xml/impex/shipping/2007-03-31">
    <shipping-method method-id="ground" default="true">
        <display-name xml:lang="x-default">Ground</display-name>
        <online-flag>true</online-flag>
        <tax-class-id>standard</tax-class-id>
        <price-table>
            <amount order-value="1.0">100.0</amount>
        </price-table>
        <custom-attributes>
            <custom-attribute attribute-id="storePickupEnabled">false</custom-attribute>
        </custom-attributes>
    </shipping-method>

</shipping>
