<?xml version="1.0" encoding="UTF-8"?>
<sort xmlns="http://www.demandware.com/xml/impex/sort/2009-05-15">
    <dynamic-attribute dynamic-attribute-id="clearance">
        <weighted-attribute>
            <attribute-path>product.activeData.conversionWeek</attribute-path>
            <weight>25</weight>
            <default-value>average</default-value>
            <direction>descending</direction>
        </weighted-attribute>
        <weighted-attribute>
            <attribute-path>product.availabilityModel.ats</attribute-path>
            <weight>40</weight>
            <default-value>average</default-value>
            <direction>descending</direction>
        </weighted-attribute>
        <weighted-attribute>
            <attribute-path>product.availabilityModel.skuCoverage</attribute-path>
            <weight>35</weight>
            <default-value>average</default-value>
            <direction>descending</direction>
        </weighted-attribute>
    </dynamic-attribute>

    <dynamic-attribute dynamic-attribute-id="most-popular">
        <weighted-attribute>
            <attribute-path>product.activeData.viewsMonth</attribute-path>
            <weight>25</weight>
            <default-value>minimum</default-value>
            <direction>descending</direction>
        </weighted-attribute>
        <weighted-attribute>
            <attribute-path>product.activeData.salesVelocityMonth</attribute-path>
            <weight>25</weight>
            <default-value>minimum</default-value>
            <direction>descending</direction>
        </weighted-attribute>
        <weighted-attribute>
            <attribute-path>product.activeData.lookToBookRatioMonth</attribute-path>
            <weight>25</weight>
            <default-value>average</default-value>
            <direction>descending</direction>
        </weighted-attribute>
        <weighted-attribute>
            <attribute-path>product.availabilityModel.availability</attribute-path>
            <weight>25</weight>
            <default-value>minimum</default-value>
            <direction>descending</direction>
        </weighted-attribute>
    </dynamic-attribute>

    <dynamic-attribute dynamic-attribute-id="top-sellers">
        <weighted-attribute>
            <attribute-path>product.activeData.revenueMonth</attribute-path>
            <weight>25</weight>
            <default-value>minimum</default-value>
            <direction>descending</direction>
        </weighted-attribute>
        <weighted-attribute>
            <attribute-path>product.activeData.unitsMonth</attribute-path>
            <weight>25</weight>
            <default-value>minimum</default-value>
            <direction>descending</direction>
        </weighted-attribute>
        <weighted-attribute>
            <attribute-path>product.activeData.lookToBookRatioMonth</attribute-path>
            <weight>25</weight>
            <default-value>average</default-value>
            <direction>descending</direction>
        </weighted-attribute>
        <weighted-attribute>
            <attribute-path>product.availabilityModel.availability</attribute-path>
            <weight>25</weight>
            <default-value>minimum</default-value>
            <direction>descending</direction>
        </weighted-attribute>
    </dynamic-attribute>

    <sorting-rule rule-id="best-matches">
        <description>Applies static sortings (category position, search placement/rank), then text relevance, then explicit sortings</description>
        <sorting-attributes>
            <category-position/>
            <attribute>
                <attribute-path>product.searchPlacement</attribute-path>
                <direction>descending</direction>
                <include-text-relevance>false</include-text-relevance>
            </attribute>
            <attribute>
                <attribute-path>product.searchRank</attribute-path>
                <direction>descending</direction>
                <include-text-relevance>false</include-text-relevance>
            </attribute>
            <text-relevance/>
            <explicit-sortings/>
        </sorting-attributes>
    </sorting-rule>

    <sorting-rule rule-id="most-popular">
        <description>Sorts by combination of product views, sales velocity, look to book, and availability</description>
        <sorting-attributes>
            <dynamic-attribute dynamic-attribute-id="most-popular" attribute-context="site">
                <include-text-relevance>false</include-text-relevance>
            </dynamic-attribute>
        </sorting-attributes>
    </sorting-rule>

    <sorting-rule rule-id="price-high-to-low">
        <description>Sorts by price descending</description>
        <sorting-attributes>
            <price>
                <direction>descending</direction>
            </price>
        </sorting-attributes>
    </sorting-rule>

    <sorting-rule rule-id="price-low-to-high">
        <description>Sorts by price ascending</description>
        <sorting-attributes>
            <price>
                <direction>ascending</direction>
            </price>
        </sorting-attributes>
    </sorting-rule>

    <sorting-rule-assignment category-id="root" rule-id="best-matches" rule-context="site"/>

    <sorting-options>
        <sorting-option option-id="best-matches">
            <rule-id>best-matches</rule-id>
            <rule-context>site</rule-context>
            <display-name xml:lang="x-default">Best Matches</display-name>
            <display-name xml:lang="fr-FR">Meilleurs résultats</display-name>
            <display-name xml:lang="it-IT">Migliore corrispondenza</display-name>
            <display-name xml:lang="ja-JP">一致順</display-name>
            <display-name xml:lang="zh-CN">最佳匹配</display-name>
        </sorting-option>
        <sorting-option option-id="price-low-to-high">
            <rule-id>price-low-to-high</rule-id>
            <rule-context>site</rule-context>
            <display-name xml:lang="x-default">Price Low To High</display-name>
            <display-name xml:lang="fr-FR">Prix : croissant</display-name>
            <display-name xml:lang="it-IT">Prezzo dal più basso al più alto</display-name>
            <display-name xml:lang="ja-JP">価格が低い順</display-name>
            <display-name xml:lang="zh-CN">价格从低到高</display-name>
        </sorting-option>
        <sorting-option option-id="price-high-to-low">
            <rule-id>price-high-to-low</rule-id>
            <rule-context>site</rule-context>
            <display-name xml:lang="x-default">Price High to Low</display-name>
            <display-name xml:lang="fr-FR">Prix : décroissant</display-name>
            <display-name xml:lang="it-IT">Prezzo dal più alto al più basso</display-name>
            <display-name xml:lang="ja-JP">価格が高い順</display-name>
            <display-name xml:lang="zh-CN">价格从高到低</display-name>
        </sorting-option>
        <sorting-option option-id="most-popular">
            <rule-id>most-popular</rule-id>
            <rule-context>site</rule-context>
            <display-name xml:lang="x-default">Most Popular</display-name>
            <display-name xml:lang="fr-FR">Les plus populaires</display-name>
            <display-name xml:lang="it-IT">I più cercati</display-name>
            <display-name xml:lang="ja-JP">人気が高い順</display-name>
            <display-name xml:lang="zh-CN">最热门</display-name>
        </sorting-option>
    </sorting-options>

    <keyword-search-sorting-rule-assignment rule-id="best-matches" rule-context="site"/>

</sort>
