<?xml version="1.0" encoding="UTF-8"?>
<tax xmlns="http://www.demandware.com/xml/impex/tax/2007-02-14">
    <tax-classes>
        <tax-class class-id="standard" default="true">
            <display-name>standard</display-name>
            <description/>
        </tax-class>

    </tax-classes>
    <tax-jurisdictions>
        <tax-jurisdiction jurisdiction-id="KR" default="true">
            <display-name>KR</display-name>
            <address-mappings>
                <address-mapping key1="KR" key2="-"/>
            </address-mappings>
        </tax-jurisdiction>

    </tax-jurisdictions>
    <tax-rates>
        <tax-rate jurisdiction-id="KR" class-id="standard">0.1</tax-rate>

    </tax-rates>
</tax>
