<?xml version="1.0" encoding="UTF-8"?>
<catalog xmlns="http://www.demandware.com/xml/impex/catalog/2006-10-31" catalog-id="mcp-storefront-catalog">
    <header>
        <image-settings>
            <internal-location base-path="/"/>
            <view-types>
                <view-type>large</view-type>
                <view-type>medium</view-type>
                <view-type>small</view-type>
                <view-type>swatch</view-type>
            </view-types>
            <alt-pattern>${productname}</alt-pattern>
            <title-pattern>${productname}</title-pattern>
        </image-settings>
    </header>

    <category category-id="root">
        <display-name xml:lang="x-default">Milvus Commerce Portal</display-name>
        <online-flag>true</online-flag>
        <template/>
        <page-attributes/>
        <refinement-definitions>
            <refinement-definition type="category" bucket-type="none">
                <display-name xml:lang="x-default">Category</display-name>
                <sort-mode>category-position</sort-mode>
                <cutoff-threshold>5</cutoff-threshold>
            </refinement-definition>
        </refinement-definitions>
    </category>

    <category category-id="mens">
        <display-name xml:lang="x-default">Mens</display-name>
        <online-flag>true</online-flag>
        <parent>root</parent>
        <template/>
        <page-attributes/>
        <custom-attributes>
            <custom-attribute attribute-id="enableCompare">false</custom-attribute>
            <custom-attribute attribute-id="showInMenu">true</custom-attribute>
        </custom-attributes>
    </category>

    <category category-id="womens">
        <display-name xml:lang="x-default">Womens</display-name>
        <online-flag>true</online-flag>
        <parent>root</parent>
        <template/>
        <page-attributes/>
        <custom-attributes>
            <custom-attribute attribute-id="enableCompare">false</custom-attribute>
            <custom-attribute attribute-id="showInMenu">true</custom-attribute>
        </custom-attributes>
    </category>

    <category category-id="women-child-01">
        <display-name xml:lang="x-default">Women Ch01</display-name>
        <online-flag>true</online-flag>
        <parent>womens</parent>
        <template/>
        <page-attributes/>
        <custom-attributes>
            <custom-attribute attribute-id="enableCompare">false</custom-attribute>
            <custom-attribute attribute-id="showInMenu">true</custom-attribute>
        </custom-attributes>
    </category>

    <category-assignment category-id="mens" product-id="product-master-001">
        <primary-flag>true</primary-flag>
    </category-assignment>

    <category-assignment category-id="mens" product-id="product-master-002">
        <primary-flag>true</primary-flag>
    </category-assignment>

    <category-assignment category-id="women-child-01" product-id="product-master-002"/>

</catalog>
